"id";"name";"surname";"middle_name";"tel";"email"
1;"Correna";"Leilah";"Alvina";"0743246571";"Leilah_Alvina1@hotmail.com"
2;"Tiertza";"Trixi";"Junina";"0122418097";"Tiertza.Trixi@live.com"
3;"Alethea";"Germana";"Robinia";"0611045869";"Germana9@hotmail.com"
4;"Sissie";"Shayla";"Georgianne";"0813498160";"Shayla4@yahoo.com"
5;"Michele";"Jenelle";"Florrie";"0619510647";"Jenelle0@hotmail.com"
6;"Sherill";"Phillie";"Remy";"0123249186";"Sherill.Phillie@live.com"
7;"Leta";"Joly";"Jenilee";"0128476395";"Leta.Joly@live.com"
8;"Atalanta";"Eryn";"Oneida";"0727631290";"Atalanta_Eryn@yahoo.com"
9;"Retha";"Eliza";"Desirae";"0815480196";"Eliza2@yahoo.com"
10;"Adriena";"Sharla";"Orella";"0721382954";"Adriena_Sharla@yahoo.com"
11;"Willamina";"Valenka";"Sile";"0748932641";"Valenka_Sile7@hotmail.com"
12;"Luelle";"Jenine";"Kinna";"0122910736";"Luelle.Jenine@live.com"
13;"Morgan";"Rubie";"Myrta";"0728473021";"Morgan_Rubie@yahoo.com"
14;"Vivian";"Daryl";"Gusty";"0616734215";"Daryl6@hotmail.com"
15;"Joan";"Gusella";"Rosetta";"0129815230";"Joan.Gusella@live.com"
16;"Bettye";"Ashil";"Opalina";"0126901547";"Bettye.Ashil@live.com"
17;"Audra";"Cynthia";"Joeann";"0124376012";"Audra.Cynthia@live.com"
18;"Etti";"Stacy";"Jeannine";"0726248709";"Etti_Stacy@yahoo.com"
19;"Charlean";"Aundrea";"Lita";"0124219653";"Charlean.Aundrea@live.com"
20;"Jocelyne";"Julee";"Glennie";"0818203597";"Julee0@yahoo.com"
21;"Karlotta";"Jaymee";"Lilyan";"0121784230";"Karlotta.Jaymee@live.com"
22;"Karee";"Audre";"Christalle";"0126281074";"Karee.Audre@live.com"
23;"Davina";"Arlina";"Imogene";"0813049256";"Arlina7@yahoo.com"
24;"Danila";"Maribel";"Glen";"0812658034";"Maribel8@yahoo.com"
25;"Jennee";"Josey";"Daron";"0125702914";"Jennee.Josey@live.com"
26;"Florry";"Nance";"Tedra";"0742704136";"Nance_Tedra2@hotmail.com"
27;"Nissa";"Paloma";"Lola";"0612459036";"Paloma9@hotmail.com"
28;"Harlie";"Terrijo";"Jamima";"0125842739";"Harlie.Terrijo@live.com"
29;"Karie";"Alia";"Savina";"0814650273";"Alia5@yahoo.com"
30;"Corliss";"Teddie";"Dulce";"0723602947";"Corliss_Teddie@yahoo.com"
31;"Kristen";"Annalise";"Odille";"0123650794";"Kristen.Annalise@live.com"
32;"Gilbertina";"Letisha";"Sherri";"0725109647";"Gilbertina_Letisha@yahoo.com"
33;"Carolina";"Mireille";"Anthe";"0720196372";"Carolina_Mireille@yahoo.com"
34;"Rebecka";"Collete";"Julianne";"0122965348";"Rebecka.Collete@live.com"
35;"Ibby";"Rosamond";"Latisha";"0724761852";"Ibby_Rosamond@yahoo.com"
36;"Rozanna";"Joelie";"Candice";"0128574203";"Rozanna.Joelie@live.com"
37;"Maureene";"Britney";"Hedvig";"0723069521";"Maureene_Britney@yahoo.com"
38;"Avivah";"Shayne";"Blinni";"0723590761";"Avivah_Shayne@yahoo.com"
39;"Leanna";"Blaire";"Jane";"0725291063";"Leanna_Blaire@yahoo.com"
40;"Odelle";"Hannis";"Lurleen";"0817051629";"Hannis0@yahoo.com"
41;"Jolynn";"Tana";"Tildy";"0611837290";"Tana4@hotmail.com"
42;"Maritsa";"Dulcia";"Aleen";"0729512370";"Maritsa_Dulcia@yahoo.com"
43;"Madelene";"Camile";"Shandra";"0813156908";"Camile6@yahoo.com"
44;"Cyndie";"Arlee";"Celestine";"0720864239";"Cyndie_Arlee@yahoo.com"
45;"Adi";"Adey";"Hinda";"0725039674";"Adi_Adey@yahoo.com"
46;"Lacey";"Kaitlynn";"Noelle";"0811867450";"Kaitlynn1@yahoo.com"
47;"Kial";"Orelia";"Vina";"0125879320";"Kial.Orelia@live.com"
48;"Petra";"Dodie";"Margalit";"0126495810";"Petra.Dodie@live.com"
49;"Fredrika";"Devina";"Marlo";"0122648953";"Fredrika.Devina@live.com"
50;"Rosemary";"Jen";"Clo";"0740849715";"Jen_Clo2@hotmail.com"
51;"Madlen";"Kania";"Lorelle";"0726341087";"Madlen_Kania@yahoo.com"
52;"Brina";"Brenna";"Clem";"0616759830";"Brenna7@hotmail.com"
53;"Lesya";"Lavena";"Annadiane";"0721839250";"Lesya_Lavena@yahoo.com"
54;"Selma";"Dierdre";"Kalindi";"0127240586";"Selma.Dierdre@live.com"
55;"Michaelina";"Tammi";"Robinetta";"0617231695";"Tammi3@hotmail.com"
56;"Laurena";"Marcia";"Lynnett";"0727450891";"Laurena_Marcia@yahoo.com"
57;"Lotte";"Rhianna";"Elbertine";"0813765218";"Rhianna3@yahoo.com"
58;"Eada";"Josefa";"Theodosia";"0612543187";"Josefa5@hotmail.com"
59;"Elsey";"Vivianna";"Aubine";"0814857609";"Vivianna4@yahoo.com"
60;"Tandi";"Maressa";"Glenine";"0128706493";"Tandi.Maressa@live.com"
61;"Kalinda";"Tedra";"Aeriell";"0125183296";"Kalinda.Tedra@live.com"
62;"Zarla";"Edythe";"Del";"0818253416";"Edythe4@yahoo.com"
63;"Florencia";"Claudie";"Joelynn";"0128659741";"Florencia.Claudie@live.com"
64;"Jeannine";"Damaris";"Rafaelia";"0619401678";"Damaris3@hotmail.com"
65;"Cyndia";"Zonnya";"Jessalin";"0816142307";"Zonnya1@yahoo.com"
66;"Aileen";"Luci";"Valencia";"0127613294";"Aileen.Luci@live.com"
67;"Terrye";"Kriste";"Enrichetta";"0819146753";"Kriste6@yahoo.com"
68;"Diandra";"Bernette";"Doll";"0742748153";"Bernette_Doll8@hotmail.com"
69;"Meryl";"Hyacinthe";"Adina";"0815837624";"Hyacinthe7@yahoo.com"
70;"Ardyce";"Terrie";"Benny";"0720238451";"Ardyce_Terrie@yahoo.com"
71;"Janina";"Zenia";"Kirsti";"0721360785";"Janina_Zenia@yahoo.com"
72;"Ida";"Mahala";"Lulu";"0811398204";"Mahala1@yahoo.com"
73;"Lenee";"Alys";"Brina";"0120418725";"Lenee.Alys@live.com"
74;"Hollie";"Camala";"Lotti";"0124860371";"Hollie.Camala@live.com"
75;"Stefania";"Karry";"Elsey";"0817430526";"Karry2@yahoo.com"
76;"Elaina";"Vallie";"Loreen";"0128097514";"Elaina.Vallie@live.com"
77;"Tessi";"Farrah";"Maire";"0125180629";"Tessi.Farrah@live.com"
78;"Trisha";"Sidonnie";"Joan";"0749753618";"Sidonnie_Joan8@hotmail.com"
79;"Willie";"Chastity";"Linda";"0720219746";"Willie_Chastity@yahoo.com"
80;"Allis";"Dani";"Loria";"0124378069";"Allis.Dani@live.com"
81;"Kira";"Bobbye";"Vere";"0128936710";"Kira.Bobbye@live.com"
82;"Ruthie";"Susann";"Lyndell";"0728039417";"Ruthie_Susann@yahoo.com"
83;"Antonietta";"Antonie";"Sheelah";"0725173906";"Antonietta_Antonie@yahoo.com"
84;"Minnie";"Hyacinth";"Meagan";"0813258670";"Hyacinth5@yahoo.com"
85;"Benoite";"Hettie";"Annadiane";"0810149678";"Hettie9@yahoo.com"
86;"Janeva";"Jourdan";"Mara";"0810162753";"Jourdan5@yahoo.com"
87;"Tobe";"Dorelle";"Ninnetta";"0125749183";"Tobe.Dorelle@live.com"
88;"Tomasina";"Nichole";"Beatrisa";"0720839256";"Tomasina_Nichole@yahoo.com"
89;"Molly";"Darice";"Wanids";"0124189260";"Molly.Darice@live.com"
90;"Melli";"Alyssa";"Bekki";"0127852069";"Melli.Alyssa@live.com"
91;"Glory";"Marieann";"Agata";"0724160839";"Glory_Marieann@yahoo.com"
92;"Tania";"Ediva";"Karry";"0747580169";"Ediva_Karry0@hotmail.com"
93;"Drusilla";"Zahara";"Agneta";"0741650739";"Zahara_Agneta1@hotmail.com"
94;"Allianora";"Dolorita";"Judie";"0126597103";"Allianora.Dolorita@live.com"
95;"Teriann";"Valida";"Kat";"0729406713";"Teriann_Valida@yahoo.com"
96;"Kissee";"Evanne";"Izabel";"0126517280";"Kissee.Evanne@live.com"
97;"Renate";"Monah";"Mariquilla";"0816531482";"Monah7@yahoo.com"
98;"Dixie";"Christina";"Murial";"0747306829";"Christina_Murial8@hotmail.com"
99;"Candie";"Faina";"Rhetta";"0614873056";"Faina3@hotmail.com"
100;"Val";"Lauretta";"Dolley";"0127986412";"Val.Lauretta@live.com"
105;"Adam";"Mokoena";"Sithole";"0723364804";""
